fish_id,survey,date_received,notes,dissection_date,fork_length,total_weight,brain_weight,liver_weight,gonad_weight,muscle_1_weight,muscle_2_weight,glycogen_per_tissue,Parentage.sup,Candidate_mother_ID.sup,Candidate_father_ID.sup,Trio_confidence.sup,PC.sup,origin.sup,Batch.sup,Parentage.ref,Candidate_mother_ID.ref,Candidate_father_ID.ref,Trio_confidence.ref,PC.ref,origin.ref,Batch.ref,Year,SurveyNumber,SampleDate,StationCode,SampleTimeStart,CommonName,ForkLength.x,ReproductiveStage,Sex,VIE,AdFinPresent,Secchi,ConductivityTop,WaterTemperature,Turbidity,DepthBottom,Latitude,Longitude,TideCode,SKTNotes,SampleID,Date,Station,Stratum,target_latitude,target_longitude,OrganismCode,MarkCode,ForkLength.y,Dead,SpecialStudy,DO,EC,Temp,Turb,Catch,Num_Code9,casette_number,staging_eggs,sex,liver_gd,liver_lip,liver_scn,liver_inf,liver_ma,liver_epd,liver_sc,gill_anu,gill_gcn,gill_cch,gill_mch,gill_ech,gill_sle,gill_parasite,gill_inf,gill_fusion,lesions,liver_lesions,gill_lesions,histo_comments
S101,edsm,2021-12-22,gonad placed in formalin first (Bruce),2022-02-23,54,1.2752,0.0082,10.5,NA,15.9,30.7,4.040448425,Supplementation_Parents,154111,154112,*,411,NA,1,Refuge_Parents,150281,150592,*,FALSE,NA,1,NA,NA,NA,NA,NA,NA,NA,NA,NA,NA,NA,NA,NA,NA,NA,NA,NA,NA,NA,NA,377612,2021-12-17,22-20-LSR02,Lower Sacramento,38.07528,-121.76174,DSM,AdClipped,55,Yes,S,10.36,340.7999878,9.899999619,30,1,0,22ST3-1,3.3,0,2,1,0,0,0,0,0,0,0,0,0,0,0,0,0,0,1,1,0,
S102,edsm,2021-12-22,NA,2022-02-23,62,2.335,0.0131,19.8,61,26.1,78.2,10.06389418,Supplementation_Parents,150241,150242,*,24,NA,1,Refuge_Parents,150241,150242,*,24,NA,1,NA,NA,NA,NA,NA,NA,NA,NA,NA,NA,NA,NA,NA,NA,NA,NA,NA,NA,NA,NA,377615,2021-12-17,22-20-RV05,Lower Sacramento,38.15227,-121.68227,DSM,AdClipped,68,No,S,10.06,198.1000061,9.100000381,50.59999847,1,0,22ST3-2,,1,1,1,0,0,0,0,0,0,0,0,0,0,0,0,0,0,1,1,0,
S103,edsm,2021-12-22,no anal fin,2022-02-23,77,3.7889,0.0172,13.3,109.1,45.3,70.4,13.62925025,Supplementation_Parents,150561,150562,*,56,NA,1,Refuge_Parents,150561,150562,*,56,NA,1,NA,NA,NA,NA,NA,NA,NA,NA,NA,NA,NA,NA,NA,NA,NA,NA,NA,NA,NA,NA,377615,2021-12-17,22-20-RV05,Lower Sacramento,38.15227,-121.68227,DSM,AdClipped,79,No,S,10.06,198.1000061,9.100000381,50.59999847,1,0,22ST3-3,,1,0,0,0,0,0,0,0,0,0,0,0,0,0,0,0,0,0,0,0,photo normal gill and liver
S104,edsm,2021-12-22,mushy liver,2022-02-23,82,5.4282,0.0156,25.9,451.3,46.6,59.6,10.5590755,Supplementation_Parents,150111,150112,*,11,NA,1,Refuge_Parents,150111,150112,*,11,NA,1,NA,NA,NA,NA,NA,NA,NA,NA,NA,NA,NA,NA,NA,NA,NA,NA,NA,NA,NA,NA,377616,2021-12-17,22-20-RV05,Lower Sacramento,38.15227,-121.68227,DSM,AdClipped,82,No,S,9.97,190.1999969,9.199999809,53.90000153,1,0,22ST3-4,5.0,0,2,2,0,0,0,0,0,0,0,0,0,0,0,0,0,0,2,2,0,photo ripe ovary
S105,edsm,2021-12-22,NA,2022-02-23,72,2.7715,0.015,17.1,65.8,51.9,56.8,10.81382192,Supplementation_Parents,150561,150562,*,56,NA,1,Refuge_Parents,150561,150562,*,56,NA,1,NA,NA,NA,NA,NA,NA,NA,NA,NA,NA,NA,NA,NA,NA,NA,NA,NA,NA,NA,NA,377616,2021-12-17,22-20-RV05,Lower Sacramento,38.15227,-121.68227,DSM,AdClipped,72,No,S,9.97,190.1999969,9.199999809,53.90000153,1,0,22ST3-5,4.3,0,0,0,0,0,0,0,0,0,0,0,0,0,0,0,0,0,0,0,0,
S106,edsm,2021-12-22,NA,2022-02-23,77,4.8122,0.0169,43.4,484.2,37.3,51.2,5.265884875,Supplementation_Parents,150051,150052,*,5,NA,1,Refuge_Parents,150051,150052,*,5,NA,1,NA,NA,NA,NA,NA,NA,NA,NA,NA,NA,NA,NA,NA,NA,NA,NA,NA,NA,NA,NA,377619,2021-12-17,22-20-RV02,Lower Sacramento,38.13959,-121.69361,DSM,AdClipped,80,No,S,10,214,9.399999619,49.79999924,1,0,22ST3-6,5.0,0,2,2,0,0,0,0,0,0,0,0,0,1,0,0,0,0,3,2,1,
S107,edsm,2021-12-22,NA,2022-02-23,60,1.8571,0.0139,15.7,33,32.9,41.5,2.44169313,Supplementation_Parents,154101,154102,*,410,NA,1,Refuge_Parents,151111,152532,*,FALSE,NA,1,NA,NA,NA,NA,NA,NA,NA,NA,NA,NA,NA,NA,NA,NA,NA,NA,NA,NA,NA,NA,377796,2021-12-21,22-21-USSC02,Sac DW Ship Channel,38.56252,-121.55421,DSM,VIE,54,Yes,S,10.24,1113,10.60000038,15.5,1,0,22ST3-7,,1,2,1,0,0,0,2,0,0,0,0,0,0,0,0,0,0,3,3,0,artefacts from sampling/dissection?
S201,edsm,2022-01-07,no LN liver and gonad,2022-02-23,49,0.7509,0.0082,6.2,3.3,11.8,19.8,#N/A,Supplementation_Parents,154251,150052,NA,FALSE,NA,1,Refuge_Parents,150841,150842,*,84,NA,1,NA,NA,NA,NA,NA,NA,NA,NA,NA,NA,NA,NA,NA,NA,NA,NA,NA,NA,NA,NA,377975,2021-12-23,22-21-PP02,Lower San Joaquin,38.09115,-121.57612,DSM,AdClipped,53,No,S,10.37,622,9.399999619,18.39999962,1,0,22ST3-8,,1,2,1,0,0,0,0,0,0,0,0,0,0,0,0,0,0,1,1,0,
S108,edsm,2022-01-07,no LN liver,2022-02-23,55,1.2486,0.007,3.4,15.1,15.5,14.1,#N/A,Supplementation_Parents,154101,154102,*,410,NA,1,Refuge_Parents,152801,151902,NA,FALSE,NA,1,NA,NA,NA,NA,NA,NA,NA,NA,NA,NA,NA,NA,NA,NA,NA,NA,NA,NA,NA,NA,377969,2021-12-23,22-21-RV02,Lower Sacramento,38.10469,-121.69494,DSM,AdClipped,53,No,S,10.25,410,8.600000381,37.59999847,1,0,22ST3-9,,1,1,0,0,0,0,0,0,0,0,0,0,0,0,0,0,0,0,0,0,
S109,edsm,2022-01-07,NA,2022-02-23,80,4.5329,0.0199,65.3,338.2,33.3,43.5,7.979985309,Supplementation_Parents,150111,150112,*,11,NA,1,Refuge_Parents,150111,150112,*,11,NA,1,NA,NA,NA,NA,NA,NA,NA,NA,NA,NA,NA,NA,NA,NA,NA,NA,NA,NA,NA,NA,377970,2021-12-23,22-21-RV02,Lower Sacramento,38.10469,-121.69494,DSM,AdClipped,80,No,S,10.35,403,8.5,40.70000076,1,0,22ST3-10,5.0,0,3,3,0,0,0,0,0,0,0,0,0,0,0,0,0,0,3,3,0,photo gill
S110,edsm,2022-01-07,NA,2022-02-23,75,4.227,0.0166,49.5,520.7,42.4,64.2,5.591629382,Supplementation_Parents,150131,150132,*,13,NA,1,Refuge_Parents,150131,150132,*,13,NA,1,NA,NA,NA,NA,NA,NA,NA,NA,NA,NA,NA,NA,NA,NA,NA,NA,NA,NA,NA,NA,378022,2021-12-27,22-22-LSR01,Lower Sacramento,38.06441,-121.78788,DSM,AdClipped,76,No,S,10.28,541,8.800000191,38.79999924,1,0,22ST3-11,5.0,0,3,1,0,0,0,0,0,0,0,0,0,0,0,0,0,0,1,1,0,
S111,edsm,2022-01-07,NA,2022-02-23,56,1.2917,0.0082,11.8,14.9,10,19.9,6.719230114,Supplementation_Parents,150271,150272,*,27,NA,1,Refuge_Parents,150271,150272,*,27,NA,1,NA,NA,NA,NA,NA,NA,NA,NA,NA,NA,NA,NA,NA,NA,NA,NA,NA,NA,NA,NA,378087,2021-12-28,22-22-RV02,Lower Sacramento,38.11988,-121.69616,DSM,AdClipped,50,No,S,10.74,203.1999969,8.699999809,50.59999847,1,0,22ST3-12,,1,3,1,0,0,0,0,0,0,0,0,0,0,0,0,0,0,1,1,0,
S112,edsm,2022-01-07,NA,2022-02-23,78,4.2184,0.018,46,402.3,62.7,32.4,5.416393768,Supplementation_Parents,150231,150232,*,23,NA,1,Refuge_Parents,150231,150232,*,23,NA,1,NA,NA,NA,NA,NA,NA,NA,NA,NA,NA,NA,NA,NA,NA,NA,NA,NA,NA,NA,NA,378089,2021-12-28,22-22-RV03,Lower Sacramento,38.1477,-121.6841,DSM,AdClipped,74,No,S,10.72,146.8000031,8.5,57.20000076,1,0,22ST3-13,5.0,0,3,1,0,0,0,0,0,0,0,0,0,0,0,0,0,0,1,1,0,nice gill and oocytes for photot
S113,edsm,2022-01-07,NA,2022-02-23,63,1.7199,0.0099,9.7,36.8,17.3,26.9,8.377119463,Supplementation_Parents,154071,154202,NA,FALSE,wild,1,Refuge_Parents,150511,152402,*,FALSE,wild,1,NA,NA,NA,NA,NA,NA,NA,NA,NA,NA,NA,NA,NA,NA,NA,NA,NA,NA,NA,NA,378540,2022-01-05,22-23-RV04,Lower Sacramento,38.09306,-121.73622,DSM,None,62,Yes,S,NA,NA,NA,NA,1,1,22ST3-14,4.1,0,0,0,0,0,0,0,0,3,0,0,0,0,0,0,0,0,3,0,3,wild fish severe aneurysm (bote sure related to handling stress or dissection stress; liver looks good
S1,edsm,2022-01-07,kept live in a bucket,2022-02-23,71,3.5408,0.0142,36.6,395.2,33.9,55.3,4.368207087,Supplementation_Parents,150211,150212,*,21,NA,1,Refuge_Parents,150211,150212,*,21,NA,1,NA,NA,NA,NA,NA,NA,NA,NA,NA,NA,NA,NA,NA,NA,NA,NA,NA,NA,NA,NA,378346,2021-12-29,SB018N,Chipps Island,38.047967,-121.909917,DSM,AdClipped,71,No,S,10.2,426.2,8.9,55.4,1,0,22ST3-15,5.0,0,3,1,0,0,0,0,0,0,0,0,0,0,0,0,0,0,1,1,0,
S2,edsm,2022-01-27,NA,2022-02-23,83,5.0282,0.0172,43.4,205.4,41.4,79,11.74421872,Supplementation_Parents,150391,150252,NA,FALSE,NA,1,Refuge_Parents,150811,150812,*,81,NA,1,NA,NA,NA,NA,NA,NA,NA,NA,NA,NA,NA,NA,NA,NA,NA,NA,NA,NA,NA,NA,379040,2022-01-18,22-25-SM02,Suisun Marsh,38.17371,-121.94799,DSM,AdClipped,85,No,S,8.66,4239,10.39999962,37,1,0,22ST3-16,4.3,0,1,0,0,0,0,0,0,0,0,0,0,0,0,0,0,0,0,0,0,
S114,edsm,2022-01-27,NA,2022-02-23,67,2.5561,0.0138,39.6,257.1,21.5,51.9,4.364982002,Supplementation_Parents,150411,150412,*,41,NA,1,Refuge_Parents,150411,150412,*,41,NA,1,NA,NA,NA,NA,NA,NA,NA,NA,NA,NA,NA,NA,NA,NA,NA,NA,NA,NA,NA,NA,378867,2022-01-12,22-24-LSSC03,Sac DW Ship Channel,38.27463,-121.66211,DSM,AdClipped,72,No,S,10.24,227.3000031,9.600000381,29.89999962,1,0,22ST3-17,5.0,0,3,0,0,0,0,0,0,0,0,0,0,0,0,0,0,0,0,0,0,
S115,edsm,2022-01-27,NA,2022-02-23,64,1.7495,0.0119,17.4,14.5,23.4,28.7,8.827570899,Supplementation_Parents,150321,154202,NA,FALSE,NA,1,Refuge_Parents,151361,151362,*,136,NA,1,NA,NA,NA,NA,NA,NA,NA,NA,NA,NA,NA,NA,NA,NA,NA,NA,NA,NA,NA,NA,379199,2022-01-24,22-26-LSR01,Lower Sacramento,38.0751,-121.76117,DSM,AdClipped,65,No,S,10.62,580,9.800000191,35,1,0,22ST3-18,,1,2,0,0,0,0,0,0,0,0,0,0,0,0,0,0,0,0,0,0,Postspawn male
S202,edsm,2022-02-10,NA,2022-02-23,58,1.3067,0.0114,6.8,32.1,20.3,29.1,4.254441511,Supplementation_Parents,154211,154212,NA,421,NA,1,Refuge_Parents,152301,151542,*,FALSE,NA,1,NA,NA,NA,NA,NA,NA,NA,NA,NA,NA,NA,NA,NA,NA,NA,NA,NA,NA,NA,NA,380037,2022-02-04,22-27-LSJ01,Lower San Joaquin,38.02923,-121.74611,DSM,AdClipped,57,No,S,10.41,692,9.5,32,1,0,22ST3-19,,1,2,0,0,0,0,0,0,0,0,0,0,0,0,0,0,0,0,0,0,
S116,edsm,2022-02-10,NA,2022-02-23,73,2.5888,0.0151,36.8,91.5,16,50.4,3.083924522,Supplementation_Parents,150191,154122,NA,FALSE,NA,1,Refuge_Parents,152011,152012,*,201,NA,1,NA,NA,NA,NA,NA,NA,NA,NA,NA,NA,NA,NA,NA,NA,NA,NA,NA,NA,NA,NA,379821,2022-01-31,22-27-LSSC03,Sac DW Ship Channel,38.41859,-121.60923,DSM,AdClipped,70,No,S,10.91,639,9.800000191,75.09999847,1,0,22ST3-20,4.2,0,3,0,0,0,0,0,0,0,0,0,0,1,0,0,0,0,1,0,1,
S117,edsm,2022-02-10,no LN liver,2022-02-23,67,2.2866,0.013,4,71,30,20.2,#N/A,Supplementation_Parents,154351,154352,*,435,NA,1,Refuge_Parents,150351,152402,*,FALSE,NA,1,NA,NA,NA,NA,NA,NA,NA,NA,NA,NA,NA,NA,NA,NA,NA,NA,NA,NA,NA,NA,379821,2022-01-31,22-27-LSSC03,Sac DW Ship Channel,38.41859,-121.60923,DSM,AdClipped,66,No,S,10.91,639,9.800000191,75.09999847,1,0,22ST3-21,,1,3,0,0,0,0,0,0,0,0,0,0,0,0,0,0,0,0,0,0,
S118,edsm,2022-02-10,no LN liver,2022-02-23,54,1.0801,0.0086,4.3,22.8,10.6,15.1,#N/A,Supplementation_Parents,150301,154142,NA,FALSE,NA,1,Refuge_Parents,152771,152772,*,277,NA,1,NA,NA,NA,NA,NA,NA,NA,NA,NA,NA,NA,NA,NA,NA,NA,NA,NA,NA,NA,NA,380115,2022-02-07,22-28-LSR01,Lower Sacramento,38.08105,-121.75703,DSM,AdClipped,55,No,S,10.84,501,10.10000038,33.09999847,1,0,22ST3-22,4.1,0,3,0,0,0,0,0,0,0,0,0,0,0,0,0,0,0,0,0,0,
S119,edsm,2022-02-10,"kept on ice, brought back to field days later",2022-02-23,86,6.6357,0.0084,68.7,947.5,56.8,51.8,2.156801091,Supplementation_Parents,150111,150112,*,11,NA,1,Refuge_Parents,150111,150112,*,11,NA,1,NA,NA,NA,NA,NA,NA,NA,NA,NA,NA,NA,NA,NA,NA,NA,NA,NA,NA,NA,NA,378866,2022-01-12,22-24-LSSC03,Sac DW Ship Channel,38.27463,-121.66211,DSM,AdClipped,86,No,S,9.87,232.1000061,9.699999809,32.29999924,1,0,22ST3-23,5.0,0,,,,,,,,,,,,,,,,,,,,bad'
S401,tfcf,2022-02-15,"in ethanol, from federal salvage facility",2022-02-23,50,0.466,NA,NA,NA,NA,NA,#N/A,Supplementation_Parents,150161,150422,*,FALSE,NA,2,Refuge_Parents,150871,150872,*,87,NA,2,NA,NA,NA,NA,NA,NA,NA,NA,NA,NA,NA,NA,NA,NA,NA,NA,NA,NA,NA,NA,NA,NA,NA,NA,NA,NA,NA,NA,NA,NA,NA,NA,NA,NA,NA,NA,NA,,,1,,,,,,,,,,,,,,,,,,,,
S301,skt,2022-02-22,cut open,2022-04-21,85,4.808,0.0169,34.6,78.5,81.9,70.4,10.8035383,Supplementation_Parents,150171,150252,NA,FALSE,NA,2,Refuge_Parents,151331,151332,*,133,NA,2,2022,2,2022-02-18,609,08:35:00,Delta Smelt,81,Pre-Spawn,2,NO,NO,30,3427,11.2,38.9,29,"38-10-02.8""N","121-56-35.4""W",2,NA,NA,NA,NA,NA,NA,NA,NA,NA,NA,NA,NA,NA,NA,NA,NA,NA,NA,22ST3-25,4.1,0,1,2,0,0,0,0,0,0,0,0,0,0,0,0,0,0,2,2,0,
S302,skt,2022-02-22,cut open,2022-04-21,74,3.009,0.0091,19.5,69.3,31.8,49.7,10.41297609,Supplementation_Parents,150391,150422,NA,FALSE,NA,2,Refuge_Parents,152321,152322,*,232,NA,2,2022,2,2022-02-18,606,09:20:00,Delta Smelt,75,Pre-Spawn,1,NO,NO,28,3893,11.8,56.4,23,"38-10-18.7""N","122-01-47.8""W",2,NA,NA,NA,NA,NA,NA,NA,NA,NA,NA,NA,NA,NA,NA,NA,NA,NA,NA,22ST3-26,,1,1,0,0,0,0,0,0,0,0,0,0,0,0,0,0,0,0,0,0,ripe testis
S303,skt,2022-02-22,cut open,2022-04-21,73,2.402,0.0143,25.9,53.5,27.9,21.4,15.90202904,Supplementation_Parents,154241,154192,NA,FALSE,NA,2,Refuge_Parents,152551,152552,*,255,NA,2,2022,2,2022-02-18,606,09:20:00,Delta Smelt,71,Pre-Spawn,1,NO,NO,28,3893,11.8,56.4,23,"38-10-18.7""N","122-01-47.8""W",2,NA,NA,NA,NA,NA,NA,NA,NA,NA,NA,NA,NA,NA,NA,NA,NA,NA,NA,22ST3-27,,1,0,0,0,0,0,0,0,0,0,0,0,1,0,0,0,0,1,0,1,ripe testis and normal liver
S304,skt,2022-02-22,cut open,2022-04-21,68,1.921,0.0114,12.2,35.5,14.6,15.7,7.9777674,Supplementation_Parents,150031,154132,NA,FALSE,NA,2,Refuge_Parents,151601,151602,*,160,NA,2,2022,2,2022-02-18,606,09:20:00,Delta Smelt,67,Pre-Spawn,1,NO,NO,28,3893,11.8,56.4,23,"38-10-18.7""N","122-01-47.8""W",2,NA,NA,NA,NA,NA,NA,NA,NA,NA,NA,NA,NA,NA,NA,NA,NA,NA,NA,22ST3-28,,1,0,0,0,0,0,0,0,0,0,0,0,0,0,0,0,0,0,0,0,ripe testis
S305,skt,2022-02-22,cut open; unidentify gonad,2022-04-21,63,1.531,0.0041,11.8,17,43.6,16.4,3.766170875,Supplementation_Parents,154181,154192,NA,FALSE,NA,2,Refuge_Parents,152141,152142,*,214,NA,2,2022,2,2022-02-18,606,09:20:00,Delta Smelt,64,Pre-Spawn,2,NO,NO,28,3893,11.8,56.4,23,"38-10-18.7""N","122-01-47.8""W",2,NA,NA,NA,NA,NA,NA,NA,NA,NA,NA,NA,NA,NA,NA,NA,NA,NA,NA,22ST3-29,6.0,0,2,0,0,0,0,0,0,0,0,,0,0,0,0,0,0,0,0,0,post-spawner; recut for gill (dissection artefacts)
S3,edsm,2022-02-24,NA,2022-04-21,61,1.443,0.011,12.8,17.4,36.5,28.2,6.038577376,Supplementation_Parents,150171,154202,NA,FALSE,NA,2,Refuge_Parents,152701,152702,*,270,NA,2,NA,NA,NA,NA,NA,NA,NA,NA,NA,NA,NA,NA,NA,NA,NA,NA,NA,NA,NA,NA,380436,2022-02-14,22-29-SM01,Suisun Marsh,38.1873,-121.97494,DSM,AdClipped,61,No,S,8.48,5683,13.10000038,49.09999847,1,0,22ST3-30,3.1,0,0,0,0,0,0,0,0,0,0,2,0,0,0,0,0,0,2,0,2,likely a post-spawner
S4,edsm,2022-02-24,"caught at 9:59am, transferred to edsm and preserved at 11:15 am, was still alive when preserved",2022-04-21,87,5.3868,0.0071,81,789,88.3,48.9,14.69663676,Supplementation_Parents,150401,150402,*,40,NA,2,Refuge_Parents,150401,150402,*,40,NA,2,NA,NA,NA,NA,NA,NA,NA,NA,NA,NA,NA,NA,NA,NA,NA,NA,NA,NA,NA,NA,380712,2022-02-17,SB018M,Chipps Island,38.04598,-121.909917,DSM,AdClipped,86,No,S,9.91,2602,11.3,34.1,1,0,22ST3-31,5.0,0,1,2,0,0,0,0,0,0,0,0,0,0,0,0,0,0,2,2,0,
S5,edsm,2022-02-24,NA,2022-04-21,61,1.7725,0.0089,21.8,50.2,36.4,45.1,10.90351851,Supplementation_Parents,154321,154032,NA,FALSE,NA,2,Refuge_Parents,153131,153132,*,313,NA,2,NA,NA,NA,NA,NA,NA,NA,NA,NA,NA,NA,NA,NA,NA,NA,NA,NA,NA,NA,NA,380933,2022-02-23,22-30-SM03,Suisun Marsh,38.18563,-121.92966,DSM,AdClipped,65,No,S,10.23,3003,10.10000038,45.09999847,1,0,22ST3-32,4.1,0,2,0,0,0,0,0,0,0,0,2,0,1,0,0,0,0,3,0,3,
S6,edsm,2022-02-24,NA,2022-04-21,80,3.6947,0.0152,102.3,409.6,34.1,34.3,5.656998869,Supplementation_Parents,150391,154162,NA,FALSE,NA,2,Refuge_Parents,151821,151822,*,182,NA,2,NA,NA,NA,NA,NA,NA,NA,NA,NA,NA,NA,NA,NA,NA,NA,NA,NA,NA,NA,NA,380933,2022-02-23,22-30-SM03,Suisun Marsh,38.18563,-121.92966,DSM,AdClipped,78,No,S,10.23,3003,10.10000038,45.09999847,1,0,22ST3-33,4.2,0,3,0,0,0,0,0,0,0,0,0,0,0,0,0,0,0,0,0,0,
S7,edsm,2022-02-24,NA,2022-04-21,79,4.3056,0.0196,53.8,331.6,28.3,65,10.91401248,Supplementation_Parents,154131,154192,NA,FALSE,NA,2,Refuge_Parents,152321,152322,*,232,NA,2,NA,NA,NA,NA,NA,NA,NA,NA,NA,NA,NA,NA,NA,NA,NA,NA,NA,NA,NA,NA,380934,2022-02-23,22-30-SM03,Suisun Marsh,38.18563,-121.92966,DSM,AdClipped,81,No,S,10.16,3131,10.10000038,25.10000038,1,0,22ST3-34,4.3,0,3,1,0,0,0,0,0,0,0,0,0,0,0,0,0,0,1,1,0,
S8,edsm,2022-02-24,NA,2022-04-21,85,4.8281,0.0141,21.2,705.2,39.8,60,9.269421681,Supplementation_Parents,154121,150392,NA,FALSE,NA,2,Refuge_Parents,150991,150992,*,99,NA,2,NA,NA,NA,NA,NA,NA,NA,NA,NA,NA,NA,NA,NA,NA,NA,NA,NA,NA,NA,NA,380934,2022-02-23,22-30-SM03,Suisun Marsh,38.18563,-121.92966,DSM,AdClipped,86,No,S,10.16,3131,10.10000038,25.10000038,1,0,22ST3-35,5.0,0,1,0,0,0,0,0,0,0,0,0,0,0,0,0,0,0,0,0,0,
S9,edsm,2022-02-24,NA,2022-04-21,74,3.0872,0.0153,30.4,73.2,27.2,27.3,7.966235022,Supplementation_Parents,154171,150582,NA,FALSE,NA,2,Refuge_Parents,151691,151692,*,169,NA,2,NA,NA,NA,NA,NA,NA,NA,NA,NA,NA,NA,NA,NA,NA,NA,NA,NA,NA,NA,NA,380934,2022-02-23,22-30-SM03,Suisun Marsh,38.18563,-121.92966,DSM,AdClipped,77,No,S,10.16,3131,10.10000038,25.10000038,1,0,22ST3-36,,1,1,0,0,0,0,0,0,0,0,0,0,0,0,0,0,0,0,0,0,
S120,edsm,2022-02-24,NA,2022-04-21,84,3.8923,0.0168,39.8,521.4,42.4,29.8,4.606871088,Supplementation_Parents,154171,154122,*,FALSE,NA,2,Refuge_Parents,151991,151992,*,199,NA,2,NA,NA,NA,NA,NA,NA,NA,NA,NA,NA,NA,NA,NA,NA,NA,NA,NA,NA,NA,NA,381037,2022-02-24,22-30-LSSC01,Sac DW Ship Channel,38.34321,-121.6443,DSM,AdClipped,80,No,S,10.7,386.7999878,11.19999981,25.60000038,1,0,22ST3-37,5.0,0,2,1,0,0,0,0,0,0,0,0,0,0,0,0,0,0,1,1,0,yolk granules
S121,edsm,2022-02-24,NA,2022-04-21,55,1.3369,0.0069,11.2,15.9,18.4,34.7,6.164910659,Supplementation_Parents,154201,154202,NA,420,NA,2,Refuge_Parents,150601,151902,*,FALSE,NA,2,NA,NA,NA,NA,NA,NA,NA,NA,NA,NA,NA,NA,NA,NA,NA,NA,NA,NA,NA,NA,381037,2022-02-24,22-30-LSSC01,Sac DW Ship Channel,38.34321,-121.6443,DSM,AdClipped,57,No,S,10.7,386.7999878,11.19999981,25.60000038,1,0,22ST3-38,,1,2,0,0,0,0,0,0,0,0,0,0,0,0,0,0,0,0,0,0,post-spawner male
S122,edsm,2022-02-24,FL changed by bgh based on photo,2022-04-21,67,1.8949,0.0145,20.4,43.8,32.9,24.4,4.364982002,Supplementation_Parents,154031,154202,NA,FALSE,NA,2,Refuge_Parents,152581,152582,*,258,NA,2,NA,NA,NA,NA,NA,NA,NA,NA,NA,NA,NA,NA,NA,NA,NA,NA,NA,NA,NA,NA,381037,2022-02-24,22-30-LSSC01,Sac DW Ship Channel,38.34321,-121.6443,DSM,AdClipped,68,No,S,10.7,386.7999878,11.19999981,25.60000038,1,0,22ST3-39,3.3,0,2,0,0,0,0,0,0,0,0,2,0,0,0,0,0,0,2,0,2,post-spawner female
S123,edsm,2022-02-24,NA,2022-04-21,66,1.7369,0.0112,15.2,15,44.5,42.4,3.256591059,Supplementation_Parents,150041,154122,NA,FALSE,NA,2,Refuge_Parents,152081,152082,*,208,NA,2,NA,NA,NA,NA,NA,NA,NA,NA,NA,NA,NA,NA,NA,NA,NA,NA,NA,NA,NA,NA,381036,2022-02-24,22-30-LSSC01,Sac DW Ship Channel,38.34321,-121.6443,DSM,AdClipped,66,No,S,10.75,396.5,11,30.10000038,1,0,22ST3-40,,1,3,0,0,0,0,0,0,0,0,0,2,2,0,0,0,0,4,0,4,ripe male
S10,edsm,2022-03-10,NA,2022-04-21,80,3.8209,0.0192,21.5,102.5,42,29.6,9.053388693,Supplementation_Parents,150171,154052,NA,FALSE,NA,2,Refuge_Parents,150521,150522,*,52,NA,2,NA,NA,NA,NA,NA,NA,NA,NA,NA,NA,NA,NA,NA,NA,NA,NA,NA,NA,NA,NA,381459,2022-03-03,22-31-SM01,Suisun Marsh,38.19586,-122.04409,DSM,AdClipped,79,No,S,8.46,504,13.69999981,58.79999924,1,0,22ST3-41,,1,0,0,0,0,0,0,0,0,2,0,3,2,0,0,0,0,7,0,7,
S124,edsm,2022-03-10,NA,2022-04-21,82,3.9988,0.0134,39.9,466.7,52.4,47.3,3.226489408,Supplementation_Parents,154141,154262,NA,FALSE,NA,2,Refuge_Parents,152111,152112,*,211,NA,2,NA,NA,NA,NA,NA,NA,NA,NA,NA,NA,NA,NA,NA,NA,NA,NA,NA,NA,NA,NA,381367,2022-03-02,22-31-USSC01,Sac DW Ship Channel,38.4899,-121.58387,DSM,AdClipped,84,No,S,10.7,927,11.5,40.59999847,1,0,22ST3-42,4.3,0,3,0,0,0,0,0,0,0,0,0,0,0,0,0,0,0,0,0,0,
S125,edsm,2022-03-10,NA,2022-04-21,72,2.8197,0.0153,16.8,92.1,34,44.1,6.671103856,Supplementation_Parents,154171,154242,NA,FALSE,NA,2,Refuge_Parents,151391,151392,*,139,NA,2,NA,NA,NA,NA,NA,NA,NA,NA,NA,NA,NA,NA,NA,NA,NA,NA,NA,NA,NA,NA,381373,2022-03-02,22-31-LSSC02,Sac DW Ship Channel,38.42353,-121.60612,DSM,AdClipped,76,No,S,10.41,695,12.19999981,96.19999695,1,0,22ST3-43,,1,2,0,0,0,0,0,0,0,0,0,0,0,0,0,0,0,0,0,0,
S126,edsm,2022-03-10,NA,2022-04-21,64,1.8149,0.063,18.3,100.3,17.1,19.9,3.540408176,Supplementation_Parents,154291,154292,*,429,NA,2,Refuge_Parents,152311,150672,*,FALSE,NA,2,NA,NA,NA,NA,NA,NA,NA,NA,NA,NA,NA,NA,NA,NA,NA,NA,NA,NA,NA,NA,381388,2022-03-02,22-31-LSSC01,Sac DW Ship Channel,38.38802,-121.62252,DSM,VIE,66,No,S,10.4,602,11.80000019,91.30000305,1,0,22ST3-44,4.3,0,3,0,0,0,0,0,0,0,0,0,0,0,0,0,0,0,0,0,0,post-spawner
S127,edsm,2022-03-10,NA,2022-04-21,69,2.2259,0.0149,12.7,30.2,35,46.7,3.820999567,Supplementation_Parents,154181,154242,NA,FALSE,NA,2,Refuge_Parents,152801,152802,*,280,NA,2,NA,NA,NA,NA,NA,NA,NA,NA,NA,NA,NA,NA,NA,NA,NA,NA,NA,NA,NA,NA,381392,2022-03-02,22-31-LSSC01,Sac DW Ship Channel,38.38802,-121.62252,DSM,AdClipped,71,No,S,10.38,597,11.89999962,83.40000153,1,0,22ST3-45,3.2,0,2,1,0,0,0,0,0,0,0,2,0,0,0,0,0,0,3,1,2,
S128,edsm,2022-03-10,held in bucket 3 hrs,2022-04-21,65,2.1016,0.0106,10.8,79.2,20.6,68.6,6.649492601,Supplementation_Parents,154101,154182,NA,FALSE,NA,2,Refuge_Parents,152781,152782,*,278,NA,2,NA,NA,NA,NA,NA,NA,NA,NA,NA,NA,NA,NA,NA,NA,NA,NA,NA,NA,NA,NA,381664,2022-03-08,22-32-LSSC01,Sac DW Ship Channel,38.36031,-121.63593,DSM,VIE,65,No,S,10.99,433.8999939,12.19999981,27.20000076,1,0,22ST3-46,,1,2,0,0,0,0,0,0,0,0,0,0,0,0,0,0,0,0,0,0,
S129,edsm,2022-03-10,held in bucket 3 hrs,2022-04-21,53,1.011,0.0074,15.2,18.9,20.9,21.2,5.669033992,Supplementation_Parents,154211,154212,NA,421,NA,2,Refuge_Parents,152131,151452,*,FALSE,NA,2,NA,NA,NA,NA,NA,NA,NA,NA,NA,NA,NA,NA,NA,NA,NA,NA,NA,NA,NA,NA,381664,2022-03-08,22-32-LSSC01,Sac DW Ship Channel,38.36031,-121.63593,DSM,AdClipped,53,No,S,10.99,433.8999939,12.19999981,27.20000076,1,0,22ST3-47,3.3,0,2,0,0,0,0,0,0,0,0,0,0,0,0,0,0,0,0,0,0,post-spawner photo
S130,edsm,2022-03-10,held in bucket 3 hrs,2022-04-21,66,2.7663,0.007,20.9,177.9,27.4,53.1,2.754770549,Supplementation_Parents,154361,154362,*,436,NA,2,Refuge_Parents,152871,151472,NA,FALSE,NA,2,NA,NA,NA,NA,NA,NA,NA,NA,NA,NA,NA,NA,NA,NA,NA,NA,NA,NA,NA,NA,381664,2022-03-08,22-32-LSSC01,Sac DW Ship Channel,38.36031,-121.63593,DSM,VIE,67,No,S,10.99,433.8999939,12.19999981,27.20000076,1,0,22ST3-48,4.3,0,3,0,0,0,0,0,0,0,0,0,0,0,0,0,0,0,0,0,0,
S131,edsm,2022-03-10,held in bucket 3 hrs; could not find gonad,2022-04-21,64,1.8063,0.0081,6.4,NA,23.5,38.3,2.32236113,Supplementation_Parents,154241,150252,NA,FALSE,NA,2,Refuge_Parents,152491,152492,*,249,NA,2,NA,NA,NA,NA,NA,NA,NA,NA,NA,NA,NA,NA,NA,NA,NA,NA,NA,NA,NA,NA,381664,2022-03-08,22-32-LSSC01,Sac DW Ship Channel,38.36031,-121.63593,DSM,AdClipped,65,No,S,10.99,433.8999939,12.19999981,27.20000076,1,0,22ST3-49,,1,2,0,0,0,0,0,0,0,0,0,2,2,0,0,0,1,5,0,5,
S132,edsm,2022-03-10,held in bucket 3 hrs,2022-04-21,78,3.5917,0.0193,20.8,98.1,31.1,39.7,5.270264836,Supplementation_Parents,154231,154242,NA,FALSE,NA,2,Refuge_Parents,151921,151922,*,192,NA,2,NA,NA,NA,NA,NA,NA,NA,NA,NA,NA,NA,NA,NA,NA,NA,NA,NA,NA,NA,NA,381664,2022-03-08,22-32-LSSC01,Sac DW Ship Channel,38.36031,-121.63593,DSM,AdClipped,78,No,S,10.99,433.8999939,12.19999981,27.20000076,1,0,22ST3-50,,1,,,,,,,,0,0,0,0,0,0,0,0,0,,,0,liver recut
S306,skt,2022-03-18,cut open,2022-04-21,72,2.8813,0.0119,41.7,467.3,30.7,46.5,8.335192072,Supplementation_Parents,150081,154162,NA,FALSE,NA,2,Refuge_Parents,150681,150682,*,68,NA,2,2022,3,2022-03-16,704,07:58:00,Delta Smelt,70,Pre-Spawn,2,NO,NO,70,340,13.2,18.5,30,"38-03-92.3""N","121-47-38.1""W",2,NA,NA,NA,NA,NA,NA,NA,NA,NA,NA,NA,NA,NA,NA,NA,NA,NA,NA,22ST3-51,4.3,0,2,0,0,0,0,0,0,0,0,0,0,0,0,0,0,0,0,0,0,
S307,skt,2022-03-18,cut open,2022-04-21,79,3.4819,0.0193,75.7,212.7,84.2,57.4,4.23382362,Supplementation_Parents,154131,150252,NA,FALSE,NA,2,Refuge_Parents,150451,150452,*,45,NA,2,2022,3,2022-03-16,719,11:06:00,Delta Smelt,80,Pre-Spawn,2,NO,NO,31,348,13.7,44.1,31,"38-20-05.9""N","121-38-47.7""W",2,NA,NA,NA,NA,NA,NA,NA,NA,NA,NA,NA,NA,NA,NA,NA,NA,NA,NA,22ST3-52,4.3,0,3,0,0,0,0,0,0,0,0,0,0,0,0,0,0,0,0,0,0,
S308,skt,2022-03-18,cut open,2022-04-21,61,1.7164,0.0092,19.2,84.9,19.6,40,5.447303292,Supplementation_Parents,150251,154332,NA,FALSE,NA,2,Refuge_Parents,152831,152832,*,283,NA,2,2022,3,2022-03-16,719,11:06:00,Delta Smelt,59,Pre-Spawn,1,NO,NO,31,348,13.7,44.1,31,"38-20-05.9""N","121-38-47.7""W",2,NA,NA,NA,NA,NA,NA,NA,NA,NA,NA,NA,NA,NA,NA,NA,NA,NA,NA,22ST3-53,,1,0,0,0,0,0,0,0,0,0,0,0,0,0,0,0,0,0,0,0,
S309,skt,2022-03-18,cut open,2022-04-21,76,3.3256,0.0178,19.3,126.8,31.1,42.5,11.70724821,Supplementation_Parents,150391,154172,NA,FALSE,NA,2,Refuge_Parents,151551,151552,*,155,NA,2,2022,3,2022-03-17,609,08:49:00,Delta Smelt,78,Pre-Spawn,1,NO,NO,34,2163,14.5,56.7,26,"38-10-01.9""N","121-56-21.3""W",2,NA,NA,NA,NA,NA,NA,NA,NA,NA,NA,NA,NA,NA,NA,NA,NA,NA,NA,22ST3-54,,1,0,0,0,0,0,0,0,0,0,0,0,0,0,0,0,0,0,0,0,ripe male normal liver
S310,skt,2022-03-18,cut open,2022-04-21,79,3.5175,0.0107,46,78.6,68.8,91.4,11.71104666,Supplementation_Parents,150021,154262,NA,FALSE,NA,2,Refuge_Parents,152111,152112,*,211,NA,2,2022,3,2022-03-17,609,08:49:00,Delta Smelt,80,Pre-Spawn,2,NO,NO,34,2163,14.5,56.7,26,"38-10-01.9""N","121-56-21.3""W",2,NA,NA,NA,NA,NA,NA,NA,NA,NA,NA,NA,NA,NA,NA,NA,NA,NA,NA,22ST3-55,4.1,0,0,0,0,0,0,0,0,0,0,0,0,0,0,0,0,0,0,0,0,post-spawner
S311,skt,2022-03-18,cut open,2022-04-21,77,4.0895,0.012,47.4,543.4,21.9,49.9,8.939946655,Supplementation_Parents,154101,150412,NA,FALSE,NA,2,Refuge_Parents,150991,150992,*,99,NA,2,2022,3,2022-03-17,609,08:49:00,Delta Smelt,81,Ripe,2,NO,NO,34,2163,14.5,56.7,26,"38-10-01.9""N","121-56-21.3""W",2,NA,NA,NA,NA,NA,NA,NA,NA,NA,NA,NA,NA,NA,NA,NA,NA,NA,NA,22ST3-56,5.0,0,1,0,0,0,0,0,0,0,0,0,0,0,0,0,0,0,0,0,0,
S312,skt,2022-03-18,cut open; left operculum missing,2022-04-21,71,2.766,0.0152,33,63.5,26,25,11.85370786,Supplementation_Parents,150401,154032,NA,FALSE,NA,2,Refuge_Parents,152961,152962,*,296,NA,2,2022,3,2022-03-17,609,08:49:00,Delta Smelt,71,Pre-Spawn,1,NO,NO,34,2163,14.5,56.7,26,"38-10-01.9""N","121-56-21.3""W",2,NA,NA,NA,NA,NA,NA,NA,NA,NA,NA,NA,NA,NA,NA,NA,NA,NA,NA,22ST3-57,,1,0,0,0,0,0,0,0,0,0,2,0,0,0,0,0,0,2,0,2,
S313,skt,2022-03-18,cut open,2022-04-21,72,3.1811,0.0172,25,48.2,25.7,57.2,16.1902929,Supplementation_Parents,150371,150392,NA,FALSE,NA,2,Refuge_Parents,152191,152192,*,219,NA,2,2022,3,2022-03-17,606,09:28:00,Delta Smelt,71,Pre-Spawn,1,NO,NO,28,3608,14,67.6,24,"38-10-11.3""N","122-01-30.6""W",2,NA,NA,NA,NA,NA,NA,NA,NA,NA,NA,NA,NA,NA,NA,NA,NA,NA,NA,22ST3-58,,1,0,0,0,0,0,0,0,0,0,0,0,0,0,0,0,0,0,0,0,
S314,skt,2022-03-18,cut open,2022-04-21,69,1.9805,0.015,20.1,36.5,47.2,54.7,8.781815548,Supplementation_Parents,154271,154012,NA,FALSE,NA,2,Refuge_Parents,151201,151202,*,120,NA,2,2022,3,2022-03-17,606,09:28:00,Delta Smelt,69,Pre-Spawn,2,NO,NO,28,3608,14,67.6,24,"38-10-11.3""N","122-01-30.6""W",2,NA,NA,NA,NA,NA,NA,NA,NA,NA,NA,NA,NA,NA,NA,NA,NA,NA,NA,22ST3-59,4.1,0,0,0,0,0,0,0,0,0,0,0,0,0,0,0,0,0,0,0,0,post-spawner
S315,skt,2022-03-18,cut open,2022-04-21,70,3.1995,0.0171,65.5,231.8,34.7,43.2,6.378904001,Supplementation_Parents,154321,150562,NA,FALSE,NA,2,Refuge_Parents,152341,152342,*,234,NA,2,2022,3,2022-03-17,606,09:28:00,Delta Smelt,70,Pre-Spawn,2,NO,NO,28,3608,14,67.6,24,"38-10-11.3""N","122-01-30.6""W",2,NA,NA,NA,NA,NA,NA,NA,NA,NA,NA,NA,NA,NA,NA,NA,NA,NA,NA,22ST3-60,5.0,0,2,0,0,0,0,0,0,0,0,0,0,0,0,0,0,0,0,0,0,gill artefacts from handling or dissection
S316,skt,2022-03-18,cut open,2022-04-21,83,5.1905,0.0122,116.3,618.6,63.2,58.1,5.380917189,Supplementation_Parents,150051,150052,*,5,NA,2,Refuge_Parents,150051,150052,*,5,NA,2,2022,3,2022-03-17,606,09:28:00,Delta Smelt,85,Ripe,2,YES,YES,28,3608,14,67.6,24,"38-10-11.3""N","122-01-30.6""W",2,NA,NA,NA,NA,NA,NA,NA,NA,NA,NA,NA,NA,NA,NA,NA,NA,NA,NA,22ST3-61,5.0,0,2,0,0,0,0,0,0,0,0,0,0,0,0,0,0,0,0,0,0,
S11,edsm,2022-03-24,NA,2022-04-21,70,2.3332,0.0151,20.1,120.2,24.2,28.9,11.03726779,Supplementation_Parents,154281,154282,*,428,NA,2,Refuge_Parents,152031,153072,*,FALSE,NA,2,NA,NA,NA,NA,NA,NA,NA,NA,NA,NA,NA,NA,NA,NA,NA,NA,NA,NA,NA,NA,381860,2022-03-11,22-32-SM01,Suisun Marsh,38.17435,-121.94876,DSM,AdClipped,68,No,S,NA,NA,NA,NA,1,1,22ST3-62,,1,0,0,0,0,0,0,0,0,0,2,0,0,0,0,0,0,2,0,2,ripe male
S12,edsm,2022-03-24,NA,2022-04-21,81,3.9132,0.0169,31.5,108.9,66.4,65.6,8.67921185,Supplementation_Parents,150051,150052,*,5,NA,2,Refuge_Parents,150051,150052,*,5,NA,2,NA,NA,NA,NA,NA,NA,NA,NA,NA,NA,NA,NA,NA,NA,NA,NA,NA,NA,NA,NA,381866,2022-03-11,22-32-SM03,Suisun Marsh,38.18044,-121.99449,DSM,AdClipped,82,No,S,9.63,4392,13.10000038,30.89999962,1,0,22ST3-63,,1,2,0,0,0,0,0,0,0,0,2,0,1,0,0,0,0,3,0,3,
S13,edsm,2022-03-24,NA,2022-04-21,70,2.694,0.0165,18.8,98.3,20.6,26.9,13.48708631,Supplementation_Parents,150171,154062,NA,FALSE,NA,2,Refuge_Parents,151531,151532,*,153,NA,2,NA,NA,NA,NA,NA,NA,NA,NA,NA,NA,NA,NA,NA,NA,NA,NA,NA,NA,NA,NA,382344,2022-03-22,22-34-SM01,Suisun Marsh,38.17475,-121.96321,DSM,AdClipped,71,No,S,8.68,4335,15.39999962,90.40000153,1,0,22ST3-64,,1,0,0,0,0,0,0,0,0,0,0,0,0,0,0,0,0,0,0,0,ripe male photo glycogen rich liver and gill
S133,edsm,2022-03-24,bgh changed FL based on photo,2022-04-21,62,1.1522,0.0085,8.8,20.6,20.4,21.2,3.905520893,Supplementation_Parents,154031,150252,NA,FALSE,NA,2,Refuge_Parents,151091,151092,*,109,NA,2,NA,NA,NA,NA,NA,NA,NA,NA,NA,NA,NA,NA,NA,NA,NA,NA,NA,NA,NA,NA,382146,2022-03-17,22-33-LSSC01,Sac DW Ship Channel,38.40643,-121.61509,DSM,AdClipped,61,No,S,10.46,618,13.39999962,65.90000153,1,0,22ST3-65,,1,2,0,0,0,0,0,0,0,0,0,0,0,0,0,0,0,0,0,0,ripe male
S134,edsm,2022-03-24,NA,2022-04-21,70,2.7616,0.0187,45.1,70.3,15.8,43.5,12.62202117,Supplementation_Parents,150211,150572,NA,FALSE,NA,2,Refuge_Parents,151791,151792,*,179,NA,2,NA,NA,NA,NA,NA,NA,NA,NA,NA,NA,NA,NA,NA,NA,NA,NA,NA,NA,NA,NA,382270,2022-03-21,22-34-CS03,Cache Slough LI,38.37469,-121.63328,DSM,AdClipped,68,No,S,8.37,738,14.80000019,33.79999924,1,0,22ST3-66,4.3,0,1,0,0,0,0,0,0,0,0,0,0,1,0,0,0,0,1,0,1,
S135,edsm,2022-03-24,NA,2022-04-21,63,1.5981,0.0097,18,22.5,23.5,19.3,8.534078526,Supplementation_Parents,150201,154272,NA,FALSE,NA,2,Refuge_Parents,152791,152792,*,279,NA,2,NA,NA,NA,NA,NA,NA,NA,NA,NA,NA,NA,NA,NA,NA,NA,NA,NA,NA,NA,NA,382426,2022-03-23,22-34-LSSC01,Sac DW Ship Channel,38.45438,-121.59321,DSM,AdClipped,63,No,S,9.81,736,14.60000038,45.20000076,1,0,22ST3-67,4.1,0,1,0,0,0,0,0,0,0,0,0,0,0,0,0,0,0,0,0,0,"Photo post-spawner and fish is in good condition, check gut content and glycogen assay"
S136,edsm,2022-03-24,NA,2022-04-21,68,2.4354,0.0123,45.8,234.5,31.7,42,5.916298648,Supplementation_Parents,150331,150132,NA,FALSE,NA,2,Refuge_Parents,152841,152842,*,284,NA,2,NA,NA,NA,NA,NA,NA,NA,NA,NA,NA,NA,NA,NA,NA,NA,NA,NA,NA,NA,NA,382406,2022-03-23,22-34-USSC01,Sac DW Ship Channel,38.49472,-121.58368,DSM,AdClipped,69,No,S,9.77,905,14.5,26.70000076,1,0,22ST3-68,5.0,0,2,0,0,0,0,0,0,0,0,0,0,0,0,0,0,0,0,0,0,liver artefacts from handling or dissection? 
S137,edsm,2022-03-24,NA,2022-04-21,66,2.1295,0.0139,21.4,39.2,28.1,32.6,13.66362622,Supplementation_Parents,154321,154322,*,432,NA,2,Refuge_Parents,150441,152412,*,FALSE,NA,2,NA,NA,NA,NA,NA,NA,NA,NA,NA,NA,NA,NA,NA,NA,NA,NA,NA,NA,NA,NA,382428,2022-03-23,22-34-LSSC02,Sac DW Ship Channel,38.41175,-121.6115,DSM,VIE,65,No,S,9.83,577,15,44.09999847,1,0,22ST3-69,,1,0,0,0,0,0,0,0,0,0,0,0,0,0,0,0,0,0,0,0,
S138,edsm,2022-03-24,NA,2022-04-21,73,2.6957,0.0149,47.7,397.3,49.4,44.7,5.158378614,Supplementation_Parents,150201,154062,NA,FALSE,NA,2,Refuge_Parents,152251,152252,*,225,NA,2,NA,NA,NA,NA,NA,NA,NA,NA,NA,NA,NA,NA,NA,NA,NA,NA,NA,NA,NA,NA,382429,2022-03-23,22-34-LSSC02,Sac DW Ship Channel,38.41175,-121.6115,DSM,AdClipped,71,No,S,9.88,602,15,47.59999847,1,0,22ST3-70,5.0,0,2,0,0,0,0,0,0,0,0,0,0,0,0,0,0,0,0,0,0,healthy female
S139,edsm,2022-03-24,NA,2022-04-21,72,2.4168,0.0109,30.2,201.4,43.7,22.5,5.83403758,Supplementation_Parents,150381,150382,NA,38,NA,2,Refuge_Parents,151801,151802,*,180,NA,2,NA,NA,NA,NA,NA,NA,NA,NA,NA,NA,NA,NA,NA,NA,NA,NA,NA,NA,NA,NA,382429,2022-03-23,22-34-LSSC02,Sac DW Ship Channel,38.41175,-121.6115,DSM,AdClipped,69,No,S,9.88,602,15,47.59999847,1,0,22ST3-71,5.0,0,2,0,0,0,0,0,0,0,0,0,0,0,0,0,0,0,0,0,0,healthy female
S140,edsm,2022-03-24,NA,2022-04-21,66,2.2598,0.0062,42.2,327.3,47.9,52.6,9.011406528,Supplementation_Parents,150171,154062,NA,FALSE,NA,2,Refuge_Parents,151391,151392,*,139,NA,2,NA,NA,NA,NA,NA,NA,NA,NA,NA,NA,NA,NA,NA,NA,NA,NA,NA,NA,NA,NA,382429,2022-03-23,22-34-LSSC02,Sac DW Ship Channel,38.41175,-121.6115,DSM,AdClipped,67,No,S,9.88,602,15,47.59999847,1,0,22ST3-72,5.0,0,2,0,0,0,0,0,0,0,0,0,0,0,0,0,0,0,0,0,0,healthy female with vitellogenin in liver
S14,edsm,2022-04-07,NA,2022-04-21,72,2.7079,0.0163,27.2,99,32.9,47.4,8.186243698,Supplementation_Parents,154031,154072,NA,FALSE,NA,2,Refuge_Parents,151201,151202,*,120,NA,2,NA,NA,NA,NA,NA,NA,NA,NA,NA,NA,NA,NA,NA,NA,NA,NA,NA,NA,NA,NA,382673,2022-03-29,22-35-SM01,Suisun Marsh,38.1871,-121.97976,DSM,AdClipped,70,No,S,8.32,7902,16.5,93.69999695,1,0,22ST3-73,,1,2,1,0,0,0,0,0,0,0,0,0,0,0,0,0,0,1,1,0,ripe male with spermatozoa in the genital tract (Photo)
S141,edsm,2022-04-07,NA,2022-04-21,71,3.0026,0.0134,33.4,136.9,26.6,24.9,25.3024817,Supplementation_Parents,154221,150152,NA,FALSE,NA,2,Refuge_Parents,152011,152012,*,201,NA,2,NA,NA,NA,NA,NA,NA,NA,NA,NA,NA,NA,NA,NA,NA,NA,NA,NA,NA,NA,NA,382842,2022-03-31,22-35-LSSC01,Sac DW Ship Channel,38.43631,-121.60037,DSM,AdClipped,75,No,S,9.67,814,15.80000019,41.90000153,1,0,22ST3-74,,1,0,0,0,0,0,0,0,0,0,0,0,0,0,0,0,0,0,0,0,ripe male with spermatozoa in the genital tract (Photo)
S317,skt,2022-04-14,NA,2022-04-21,75,3.6731,0.0186,42,146.3,55.8,34.4,5.619185198,Supplementation_Parents,154231,154292,NA,FALSE,NA,2,Refuge_Parents,151761,151762,*,176,NA,2,2022,4,2022-04-13,719,11:39:00,Delta Smelt,75,Pre-Spawn,1,NO,NO,76,421,15.8,13.3,33,"38-20-04.2""N","121-38-51.5""W",4,* poorly adipose clipped,NA,NA,NA,NA,NA,NA,NA,NA,NA,NA,NA,NA,NA,NA,NA,NA,NA,22ST3-75,,1,0,1,0,0,0,0,0,1,0,2,0,2,0,0,0,0,6,1,5,ripe male  
S318,skt,2022-04-14,NA,2022-04-21,68,2.2767,0.0141,18.5,42.3,36.5,60.9,8.073661214,Supplementation_Parents,150301,150562,NA,FALSE,NA,2,Refuge_Parents,152681,152682,*,268,NA,2,2022,4,2022-04-14,606,09:53:00,Delta Smelt,68,Pre-Spawn,1,NO,NO,25,4435,15.3,49.3,24,"38-10-11.0""N","122-01-30.0""W",4,NA,NA,NA,NA,NA,NA,NA,NA,NA,NA,NA,NA,NA,NA,NA,NA,NA,NA,22ST3-76,,1,0,0,0,0,0,0,0,0,0,0,0,0,0,0,0,0,0,0,0,ripe male
S203,edsm,2022-07-15,finclip collected (genetic ID not smelt!),,52,0.6906,,NA,NA,NA,NA,,,,,,,,,,,,,,,,,,,,,,,,,,,,,,,,,,,,,,,,,,,,,,,,,,,,,,,,,,,,,,,,,,,,,,,,,,,
S15,edsm,2022-07-21,finclip collected (genetic ID not smelt!),,48,0.9645,,NA,NA,NA,NA,,,,,,,,,,,,,,,,,,,,,,,,,,,,,,,,,,,,,,,,,,,,,,,,,,,,,,,,,,,,,,,,,,,,,,,,,,,
S319,edsm,2022-08-04,,2022-12-06,54,1.0536,NA,6.2,NA,13.5,NA,,,,,,,,,,,,,,,,,,,,,,,,,,,,,,,,,,,,387368,2022-08-02,23-01-LSR05,Lower Sacramento,38.07745,-121.76735,DSM,None,55,No,S,8.56,2615,21.39999962,18.39999962,1,0,,,,,,,,,,,,,,,,,,,,,,,
S320,edsm,2022-08-04,,2022-12-06,51.5,1.2188,NA,11.2,NA,54.7,NA,,,,,,,,,,,,,,,,,,,,,,,,,,,,,,,,,,,,387373,2022-08-02,23-01-LSR06,Lower Sacramento,38.0842,-121.75209,DSM,None,57,No,S,8.4,860,22.10000038,28.10000038,1,0,,,,,,,,,,,,,,,,,,,,,,,
S204,edsm,2022-08-18,,2022-12-06,51.5,0.7832,NA,9.5,NA,19,NA,,,,,,,,,,,,,,,,,,,,,,,,,,,,,,,,,,,,387940,2022-08-15,23-03-SSC06,Sac DW Ship Channel,38.41643,-121.61046,DSM,None,52,No,S,8.32,586,23.20000076,46.5,1,0,,,,,,,,,,,,,,,,,,,,,,,
S205,edsm,2022-08-18,,2022-12-06,53,1.2427,NA,6,NA,25.7,NA,,,,,,,,,,,,,,,,,,,,,,,,,,,,,,,,,,,,388008,2022-08-16,23-03-SSC01,Sac DW Ship Channel,38.40618,-121.61519,DSM,None,63,No,S,8.34,536,23.10000038,47.79999924,1,0,,,,,,,,,,,,,,,,,,,,,,,
S321,edsm,2022-09-14,,2022-12-06,49,0.9935,NA,5.9,NA,26.4,NA,,,,,,,,,,,,,,,,,,,,,,,,,,,,,,,,,,,,387766,2022-08-10,23-02-LSR06,Lower Sacramento,38.065,-121.81516,DSM,None,47,No,S,8.6,2748,21.60000038,33.70000076,1,0,,,,,,,,,,,,,,,,,,,,,,,
S16,edsm,2022-09-29,FL re-verified from dissection pictures (USFWS FL is much larger-75mm),2022-12-06,60,1.8492,NA,7,NA,42.5,NA,,,,,,,,,,,,,,,,,,,,,,,,,,,,,,,,,,,,389594,2022-09-21,23-08-SM01,Suisun Marsh,38.11065,-122.05618,DSM,None,75,No,S,7.68,21431,20.20000076,40.90000153,1,0,,,,,,,,,,,,,,,,,,,,,,,
S206,edsm,2022-09-29,fin clip collected to sequence fish (edsm unsure of ID- not to be dissected),NA,67,2.1149,NA,NA,NA,NA,NA,,,,,,,,,,,,,,,,,,,,,,,,,,,,,,,,,,,,,,,,,,,,,,,,,,,,,,,,,,,,,,,,,,,,,,,,,,,
S207,edsm,2022-09-29,fin clip collected to sequence fish (edsm unsure of ID- not to be dissected),NA,73,2.7244,NA,NA,NA,NA,NA,,,,,,,,,,,,,,,,,,,,,,,,,,,,,,,,,,,,,,,,,,,,,,,,,,,,,,,,,,,,,,,,,,,,,,,,,,,
S208,edsm,2022-09-29,fin clip collected to sequence fish (edsm unsure of ID- not to be dissected),NA,69,2.5131,NA,NA,NA,NA,NA,,,,,,,,,,,,,,,,,,,,,,,,,,,,,,,,,,,,,,,,,,,,,,,,,,,,,,,,,,,,,,,,,,,,,,,,,,,
S322,edsm,2022-11-17,"kept on ice, brought back to field days later, FL measured with 1/2 of fin",2022-12-06,58,1.8377,NA,8.8,NA,30.9,NA,,,,,,,,,,,,,,,,,,,,,,,,,,,,,,,,,,,,391718,2022-11-07,23-15-LSR04,Lower Sacramento,38.08084,-121.76024,DSM,None,62,No,S,9.62,1975,15,43.20000076,1,0,,,,,,,,,,,,,,,,,,,,,,,
S323,edsm,2022-11-17,"kept on ice, brought back to field days later",2022-12-06,56,1.3845,NA,4.4,NA,32.7,NA,,,,,,,,,,,,,,,,,,,,,,,,,,,,,,,,,,,,391580,2022-11-03,23-14-LSR06,Lower Sacramento,38.07617,-121.76104,DSM,None,55,No,S,9.63,1957,15.80000019,16.20000076,1,0,,,,,,,,,,,,,,,,,,,,,,,
